kitap_id;kitap_adi
1;KAHVERENGİ DEDE
2;BÜYÜK KARDEŞ
3;KALPSİZ MAKAS
4;DÜŞÜK 
5;BİR ELDİVEN
6;YOĞUN İĞNE
7;İYİ KALPLİ AĞABEY
8;YUKARIDA ANNE
9;DOĞAL ANNE
10;SİMETRİK YEĞEN
11;UYGUN KEDİ
12;KIZGIN KARTAL
13;ASIL MİLLETVEKİLİ
14;ZALİM İĞNE
15;ART 
16;SUSKUN NİNE
17;YAŞLI ÖĞRETMEN
18;ZAYIF NİNE
19;İYİ MAKAS
20;MÜCADELECİ DOKTOR
21;MÜCADELECİ İPLİK
22;MODERN CEVİZ
23;UZUN HALA
24;AŞIRI ÖĞRETMEN
25;BİRKAÇ MÜHENDİS
26;EŞ MİLLETVEKİLİ
27;BİRİNCİ KARTAL
28;KENDİNE GÜVENMEYEN DOKTOR
29;BAĞIŞLAYICI HAKİM
30;ORTA KARPUZ
31;ÖZEL KEDİ
32;GÜVENİLMEZ AVUKAT
33;GİZLİ KARDEŞ
34;MAVİ KARTAL
35;KÖTÜMSER ÇORAP
36;AÇIK YEĞEN
37;YENİLİKÇİ AVUKAT
38;HAFİF NİNE
39;GENÇ ANNE
40;SORUMLULUK SAHİBİ BABA
41;TIKNAZ KİRAZ
42;UZUN KARPUZ
43;TAMAM TEYZE
44;YOĞUN CEVİZ
45;DOĞAL TARAK
46;ÖN MİLLETVEKİLİ
47;YAKLAŞIK ÇORAP
48;NÜKTELİ ÖĞRETMEN
49;KÖTÜMSER HAKİM
50;ÇORAK AĞABEY
51;CİDDİ ÖĞRETMEN
52;SORUMLULUK SAHİBİ 
53;MÜCADELECİ MAKAS
54;İKİNCİ KARPUZ
55;BİRİNCİ AVUKAT
56;TIKNAZ İPLİK
57;SONDERECE KÖPEK
58;GENİŞ HALA
59;İKİ DOKTOR
60;MÜCADELECİ TARAK
61;NORMAL NİNE
62;HIZLI AYAKKABI
63;ÖNEMLİ AĞABEY
64;ŞÜPHECİ BABA
65;HERŞEY ELDİVEN
66;KALPSİZ YEĞEN
67;TEMİZ YEĞEN
68;YAŞLI MİLLETVEKİLİ
69;KIZGIN ANNE
70;SAĞLIKLI CEKET
71;VURDUMDUYMAZ KÖPEK
72;ÇOK ÖĞRETMEN
73;KÜÇÜK MAKAS
74;GÜZEL İĞNE
75;AÇIK DOKTOR
76;KEDERLİ KİRAZ
77;BEŞ TARAK
78;VİCDANSIZ 
79;EŞ NİNE
80;KEDERLİ TEYZE
81;YAKLAŞIK KİRAZ
82;BENCİL KARPUZ
83;AYNI KARTAL
84;SARI FINDIK
85;EMİN KARTAL
86;RAHAT İĞNE
87;BEŞ HAKİM
88;AYRI ÖĞRETMEN
89;HERŞEY TEYZE
90;BİRAZ TARAK
91;HOŞ GÖREN İPLİK
92;KESİN YEĞEN
93;BEYAZ HAKİM
94;AYNI MAKAS
95;İYİMSER ELDİVEN
96;KAPALI KİRAZ
97;YUMUŞAK KARPUZ
98;ŞÜPHECİ KİRAZ
99; 
100;KASITLI HALA
101;DOĞAL KÖPEK
102;ÇOLAK MÜHENDİS
103;YOĞUN KARPUZ
104;ORTA ÖĞRETMEN
105;TAMAM AĞABEY
106;KAÇ BABA
107;BAŞKA AĞABEY
108;BENCİL YEĞEN
109;SAKİN DEDE
110;ARKADAŞ CANLISI TEYZE
111;NÜKTELİ HALA
112;DÜŞÜK ANNE
113;İYİ CEVİZ
114;AKLI BAŞINDA TARAK
115;MÜMKÜN MÜHENDİS
116;KÖTÜMSER AVUKAT
117;DOĞAL FINDIK
118;SICAK MÜHENDİS
119;PEK HAKİM
120;KAPALI BABA
121;AZ KİRAZ
122;TOPLUMSAL MİLLETVEKİLİ
123;MODERN TARAK
124;PEK KARTAL
125;KİMİ İĞNE
126;GEREKLİ MİLLETVEKİLİ
127;BİRAZ MAKAS
128;AĞIR AĞABEY
129;BENZER 
130;AŞIRI BABA
131;DİĞER CEKET
132;YUMUŞAK TARAK
133;UZAK YEĞEN
134;HAFİF KARPUZ
135;KEDERLİ KEDİ
136;EŞ AYAKKABI
137;SAĞLIKLI TARAK
138;SISKA KÖPEK
139;KEDERLİ DEDE
140;ULUSLARARASI AVUKAT
141;ÇOK DEDE
142;HAFİF HALA
143;ÖTEKİ İPLİK
144;ON AYAKKABI
145;SOĞUK CEKET
146;ÖN KEDİ
147;EMİN YEĞEN
148;KESKİN ZEKALI TARAK
149;HER KARPUZ
150;AĞIR YEĞEN
151;İNCE KARPUZ
152;YAVAŞ KARDEŞ
153;BEYAZ KİRAZ
154;VURDUMDUYMAZ KİRAZ
155;BENCİL MÜHENDİS
156;YAŞLI NİNE
157;AİT ÇORAP
158;ÇOĞU KEDİ
159;SİMETRİK BABA
160;CİMRİ KEDİ
161;İKİNCİ TORUN
162;ÇOLAK MAKAS
163;FAZLA KÖPEK
164;HAFİF ÇORAP
165;ART KİRAZ
166;HAZIR AĞABEY
167;YALNIZ CEKET
168;BİRKAÇ ELDİVEN
169;ÜNLÜ HAKİM
170;MAVİ KARPUZ
171;UÇ MİLLETVEKİLİ
172;HAZIR İPLİK
173;BOŞ TEYZE
174;AYNI AVUKAT
175;YETERLİ TEYZE
176;KEDERLİ FINDIK
177;ÖN YARGILI TORUN
178;ÜÇ YEĞEN
179;GEREKLİ YEĞEN
180;ULUSLARARASI 
181;İLGİLİ HAKİM
182;MUHAFAZAKAR TEYZE
183;KÖTÜMSER ELDİVEN
184;HAZIR AVUKAT
185;DEĞİŞİKLİĞE AÇIK DOKTOR
186;SEVGİLİ BABA
187;KENDİNE GÜVENMEYEN ÖĞRETMEN
188;PEK DEDE
189;ZENGİN CEKET
190;YUKARIDA MAKAS
191;ÜÇ ELDİVEN
192;YENİLİKÇİ NİNE
193;YAKLAŞIK ÖĞRETMEN
194;BEYAZ AYAKKABI
195;MAVİ 
196;GEREKLİ MÜHENDİS
197;MOR MAKAS
198;BİRİNCİ İĞNE
199;İYİ CEKET
200;YEDİ TORUN
201;SARI TORUN
202;GEREK İPLİK
203;İLGİLİ AĞABEY
204;UÇ HAKİM
205;YARI TORUN
206;HIZLI TARAK
207;MÜCADELECİ KARPUZ
208;MODERN İPLİK
209;YAŞLI DOKTOR
210;MÜMKÜN MAKAS
211;BİRAZ ÖĞRETMEN
212;KARANLIK DEDE
213;GERİ KARDEŞ
214;ÖN BABA
215;YEŞİL AĞABEY
216;PEK ÖĞRETMEN
217;BİRAZ BABA
218;ULUSLARARASI FINDIK
219;DAR HAKİM
220;BİRAZ HALA
221;BELLİ İĞNE
222;HIRÇIN BABA
223;UYGUN CEKET
224;TATLI DOKTOR
225;KENDİNE GÜVENMEYEN KİRAZ
226;YOĞUN ELDİVEN
227;SERT KARDEŞ
228;AÇIK FİKİRLİ MÜHENDİS
229;BAŞKA CEVİZ
230;ZAYIF CEVİZ
231;GÜZEL KÖPEK
232;SONDERECE ANNE
233;İLK DEDE
234;NORMAL KÖPEK
235;ŞİŞMAN AYAKKABI
236;TIKNAZ AĞABEY
237;GEREK MİLLETVEKİLİ
238;GEÇEN TORUN
239;KÜÇÜK İPLİK
240;SOĞUK BABA
241;KÜÇÜK KARTAL
242;DEĞİŞİKLİĞE AÇIK ELDİVEN
243;ULUSLARARASI CEKET
244;KALPSİZ TEYZE
245;GERİ TEYZE
246;KÜÇÜK KARPUZ
247;İYİ HUYLU ELDİVEN
248;VİCDANSIZ KİRAZ
249;BİRER ÇORAP
250;KOLAY AYAKKABI
251;ADALETSİZ AYAKKABI
252;ŞİŞMAN TORUN
253;BÜYÜK KÖPEK
254;BİRİNCİ ÖĞRETMEN
255;TEK CEVİZ
256;AKLI BAŞINDA İĞNE
257;AĞIR TEYZE
258;UYGUN MAKAS
259;DAHA KİRAZ
260;TAMAM TORUN
261;KARMAŞIK ÇORAP
262;BELLİ DEDE
263;YAPAY MAKAS
264;ALT KARPUZ
265;HOŞ GÖREN HALA
266;ÇORAK TARAK
267;ÖTEKİ MİLLETVEKİLİ
268;BİRAZ İĞNE
269;PRENSİPLİ ÖĞRETMEN
270;KARANLIK İĞNE
271;ÇOK ELDİVEN
272;GENEL FINDIK
273;SABİT 
274;TERS AĞABEY
275;SONDERECE ELDİVEN
276;AYRI CEKET
277;GÜVENİLMEZ ÖĞRETMEN
278;FAZLA ANNE
279;ŞİŞMAN MÜHENDİS
280;İNCE HAKİM
281;KARANLIK AYAKKABI
282;KÖTÜ HALA
283;KEDERLİ DOKTOR
284;UYGUN KİRAZ
285;HERŞEY KARTAL
286;KÜÇÜK TARAK
287;TIKNAZ TARAK
288;DÜŞÜK AVUKAT
289;YEŞİL HALA
290;SEVGİLİ MÜHENDİS
291;BÜTÜN KARTAL
292;SUSKUN ANNE
293;ARKADAŞ CANLISI KARDEŞ
294;ZAYIF İPLİK
295;NÜKTELİ İPLİK
296;ÖTE MİLLETVEKİLİ
297;KÜÇÜK KÖPEK
298;HAZIR ÇORAP
299;DAHA KEDİ
300;YEDİ İĞNE
301;DAHA TEYZE
302;DAR TORUN
303;ON KARPUZ
304;BEYAZ YEĞEN
305;DEĞİŞİKLİĞE AÇIK KARTAL
306;HOŞ CEKET
307;YAKLAŞIK DEDE
308;YETERLİ CEKET
309;VEFASIZ ÖĞRETMEN
310;GEÇEN YEĞEN
311;TERS KARPUZ
312;KARMAŞIK KİRAZ
313;ADALETSİZ TORUN
314;ÜST AYAKKABI
315;TÜM CEKET
316;ON CEKET
317;AÇIK NİNE
318;TOPLUMSAL İPLİK
319;KÖTÜ KALPLİ MÜHENDİS
320;YEŞİL AVUKAT
321;KISA ÇORAP
322;ÇOK TEYZE
323;YEDİ BABA
324;KİMİ ELDİVEN
325;BÜYÜK TARAK
326;İŞ BİRLİĞİNE YATKIN YEĞEN
327;UZAK İPLİK
328;PEK CEKET
329;ŞİŞMAN DEDE
330;İLK MÜHENDİS
331;YENİLİKÇİ ANNE
332;HAFİF DEDE
333;SOĞUK HALA
334;SABİT TEYZE
335;KAÇ MÜHENDİS
336;KAPALI İPLİK
337;AKLI BAŞINDA AVUKAT
338;BEŞ KÖPEK
339;AKLI BAŞINDA ÖĞRETMEN
340;GENİŞ ELDİVEN
341;YETERLİ DOKTOR
342;BAĞIŞLAYICI HALA
343;BAZI YEĞEN
344;BAŞKA MÜHENDİS
345;VAR DOKTOR
346;YUMUŞAK AĞABEY
347;KALPSİZ HAKİM
348;ÇOĞU KÖPEK
349;BOŞ BABA
350;DEĞİŞİK ANNE
351;BİR KEDİ
352;SICAK KARPUZ
353;HOŞ NİNE
354;GÜÇLÜ KARTAL
355;TOPLUMSAL ÖĞRETMEN
356;NÜKTELİ KARPUZ
357;DOĞAL KARTAL
358;MUHAFAZAKAR KEDİ
359;KAÇ İPLİK
360;İLGİLİ KEDİ
361;KIZGIN İĞNE
362;BİRER HALA
363;HIRÇIN HALA
364;BİRAZ ANNE
365;BAŞARILI İĞNE
366;SOĞUK İĞNE
367;ŞİŞMAN ÇORAP
368;ZAYIF HAKİM
369;ÇOLAK KARTAL
370;DİĞER BABA
371;ÖZEL KARTAL
372;MODERN MÜHENDİS
373;DAR KARPUZ
374;ON İPLİK
375;HER BABA
376;HERŞEY NİNE
377;BÜTÜN CEVİZ
378;TAM ELDİVEN
379;YAKLAŞIK DOKTOR
380;SERT MAKAS
381;ULUSLARARASI KARPUZ
382;SİMETRİK İPLİK
383;FAZLA 
384;VAR DEDE
385;HAZIR DOKTOR
386;FAZLA İPLİK
387;AİT KARPUZ
388;İLK 
389;YALNIZ ÇORAP
390;DAR FINDIK
391;SÜREKLİ AĞABEY
392;PEK İĞNE
393;SOSYAL İPLİK
394;AİT KARDEŞ
395;VURDUMDUYMAZ TEYZE
396;VURDUMDUYMAZ İĞNE
397;BELLİ CEVİZ
398;DEĞİŞİKLİĞE AÇIK TORUN
399;ÜST TORUN
400;ENGELLİ AYAKKABI
401;BASİT FINDIK
402;ŞÜPHECİ AĞABEY
403;AİT BABA
404;DÜŞÜK KÖPEK
405;YENİ HAKİM
406;YENİ BABA
407;YUMUŞAK KÖPEK
408;BAŞARILI MÜHENDİS
409;İKİNCİ MİLLETVEKİLİ
410;ÖNEMLİ DOKTOR
411;LAZIM DOKTOR
412;FAZLA AĞABEY
413;SEVGİLİ ÖĞRETMEN
414;DÜŞÜK AĞABEY
415;YALNIZ TARAK
416;BAZI HAKİM
417;SOL HAKİM
418;KÖTÜ MÜHENDİS
419;SONDERECE HALA
420;GELEN MİLLETVEKİLİ
421;KESİN ÇORAP
422;İLK CEKET
423;DOĞAL YEĞEN
424;HIRÇIN CEKET
425;KENDİNE GÜVENMEYEN HAKİM
426;İLGİNÇ DEDE
427; DOKTOR
428;ÜST KARDEŞ
429;İYİMSER AVUKAT
430;YOĞUN KEDİ
431;MAVİ DOKTOR
432;AZ ÖĞRETMEN
433; TORUN
434;BASİT İPLİK
435;ŞİŞMAN TARAK
436;KIRICI YEĞEN
437;BENCİL KEDİ
438;TAM HALA
439;TIKNAZ BABA
440;ON BABA
441;AĞIR AYAKKABI
442;YAKLAŞIK KÖPEK
443;KÜÇÜK ÖĞRETMEN
444;ÜÇÜNCÜ AYAKKABI
445;UZAK MAKAS
446;ÇEŞİTLİ KARDEŞ
447;KÜÇÜK AYAKKABI
448;YEŞİL ÖĞRETMEN
449;BÖYLE HALA
450;YENİ MAKAS
451;SISKA MAKAS
452;ÇOLAK İĞNE
453;ZAYIF KARPUZ
454;SORUMLULUK SAHİBİ MAKAS
455;CİDDİ MİLLETVEKİLİ
456;BİRER BABA
457;BEYAZ DEDE
458;DERİN İĞNE
459;YÜKSEK ÖĞRETMEN
460;SİMETRİK ANNE
461;KEDERLİ KARDEŞ
462;GENİŞ KEDİ
463;KASITLI ÖĞRETMEN
464;ORTA MAKAS
465;NÜKTELİ KARDEŞ
466;YÖNELİK 
467;YÜKSEK TARAK
468;DEĞİŞİK KARDEŞ
469;BÜTÜN MAKAS
470;ART YEĞEN
471;ALT BABA
472;ÜST NİNE
473;ART KEDİ
474;İLGİNÇ MÜHENDİS
475;SOL YEĞEN
476;BÖYLE KARDEŞ
477;DÖRT CEKET
478;İLK ÖĞRETMEN
479;EKONOMİK KÖPEK
480;SUSKUN İĞNE
481;YETERLİ YEĞEN
482;SARI HAKİM
483;İYİMSER ÖĞRETMEN
484;DERİN KARTAL
485;KALPSİZ HALA
486;KÖTÜ AĞABEY
487;GÜÇLÜ MÜHENDİS
488;ZENGİN KARTAL
489;SOSYAL İĞNE
490;YUKARIDA İĞNE
491;AĞIR KARTAL
492;MOR KARPUZ
493;BAZI KİRAZ
494;DÖRT AVUKAT
495;SISKA HAKİM
496;DÜŞÜK ELDİVEN
497;FARKLI TARAK
498;VEFASIZ AVUKAT
499;DERİN KİRAZ
500;GEREKLİ CEKET
501;SUSKUN BABA
502;ULUSLARARASI TEYZE
503;İYİ KARDEŞ
504;YÜKSEK DEDE
505;BİRİNCİ MÜHENDİS
506;İKİNCİ FINDIK
507;DİĞER AĞABEY
508;SAKİN NİNE
509;GÜVENİLMEZ BABA
510;EKONOMİK AYAKKABI
511;GERİ TARAK
512;KÖTÜ KALPLİ TEYZE
513;KAÇ MİLLETVEKİLİ
514;YUKARIDA BABA
515;SOL ÖĞRETMEN
516;ASIL TARAK
517;SİMETRİK KARDEŞ
518;CİMRİ MAKAS
519;MODERN KARDEŞ
520;TÜM 
521;LAZIM BABA
522;YETERLİ HALA
523;DOĞAL KARDEŞ
524;ŞÜPHECİ ANNE
525;ULUSLARARASI NİNE
526;TEK MİLLETVEKİLİ
527;ÇOĞU HALA
528;BİRKAÇ YEĞEN
529;AŞIRI ÇORAP
530;FAZLA MİLLETVEKİLİ
531;SEVGİLİ NİNE
532;ZALİM KARDEŞ
533;TIKNAZ TEYZE
534;ZALİM AVUKAT
535;BİR DEDE
536;TÜM NİNE
537;SICAK TEYZE
538;YAKIN İĞNE
539;FARKLI KEDİ
540;İYİ ANNE
541;YENİ KARPUZ
542;HOŞ CEVİZ
543;ESKİ DOKTOR
544;MOR DOKTOR
545;DAR BABA
546;TAM BABA
547;HER KEDİ
548;YAKLAŞIK AĞABEY
549;YAKIN MÜHENDİS
550;KEDERLİ KARPUZ
551;AYRI HALA
552;BELLİ MÜHENDİS
553;KÖTÜ KÖPEK
554;BENZER FINDIK
555;TABİ AĞABEY
556;SAĞ TORUN
557;KENDİNE GÜVENEN ANNE
558;SOSYAL KARTAL
559;YUMUŞAK İĞNE
560;İLGİLİ ÇORAP
561;YÖNELİK FINDIK
562;DAHA YEĞEN
563;İLK YEĞEN
564;CANLI TEYZE
565;İKİ ELDİVEN
566;ÜÇ MİLLETVEKİLİ
567;KIRMIZI ÇORAP
568;KÖTÜ ÇORAP
569;GEREKLİ ELDİVEN
570;AYRI KARTAL
571;BENZER TEYZE
572;BAZI KARTAL
573;BAŞARILI MİLLETVEKİLİ
574;İYİ ÖĞRETMEN
575;BAŞARILI CEKET
576;EŞ AĞABEY
577;RAHAT CEVİZ
578;YENİ KARDEŞ
579;İLGİLİ TORUN
580;İLGİNÇ KEDİ
581;YENİ KARTAL
582;KARMAŞIK MİLLETVEKİLİ
583;İŞ BİRLİĞİNE YATKIN KEDİ
584;KENDİNE GÜVENEN NİNE
585;YUMUŞAK HAKİM
586;MAVİ TARAK
587;HERHANGİ BİR TEYZE
588;GEREK TARAK
589;GERİ KARTAL
590;İLK MİLLETVEKİLİ
591;SOL FINDIK
592;TEK MÜHENDİS
593;NORMAL ANNE
594;BİR KİRAZ
595;GÜVENİLMEZ İPLİK
596;KAÇ TORUN
597;YALNIZ NİNE
598;MODERN ÖĞRETMEN
599;ÇOK KÖPEK
600;KAHVERENGİ TORUN
601;TEK YEĞEN
602;DÜŞMAN CEKET
603;TABİ ÇORAP
604;DEĞİŞİKLİĞE AÇIK KEDİ
605;BÜYÜK TORUN
606;KAÇ DEDE
607;ŞİŞMAN KİRAZ
608;DAHA ELDİVEN
609;KAÇ KİRAZ
610;KARANLIK HALA
611;KIRICI MİLLETVEKİLİ
612;ZENGİN MİLLETVEKİLİ
613;MÜMKÜN CEKET
614;SUSKUN HALA
615;PRENSİPLİ KEDİ
616;BOŞ AVUKAT
617;YAKIN AVUKAT
618;YOĞUN HAKİM
619;YAVAŞ ÖĞRETMEN
620;İLK AVUKAT
621;KESİN MAKAS
622; KİRAZ
623;KOLAY CEVİZ
624;DİĞER ÇORAP
625;CİMRİ ELDİVEN
626;ŞÜPHECİ MAKAS
627;AKLI BAŞINDA KARTAL
628;AYNI ÇORAP
629;ÇOK AĞABEY
630;BİRER DEDE
631;DERİN FINDIK
632;GENİŞ AVUKAT
633;PEK 
634;HOŞ YEĞEN
635;NORMAL CEVİZ
636;SÜREKLİ NİNE
637;YEDİ ELDİVEN
638;KÖTÜMSER AĞABEY
639;KISA İĞNE
640;BEYAZ DOKTOR
641;BİRKAÇ HAKİM
642;İLK FINDIK
643;SAKİN MİLLETVEKİLİ
644;TAMAM DOKTOR
645;DÜŞMAN ÖĞRETMEN
646;ÜÇÜNCÜ KEDİ
647;BENCİL ÖĞRETMEN
648;ÇOK KEDİ
649;DÖRT DOKTOR
650;YUMUŞAK KEDİ
651;YARI MAKAS
652;YÜKSEK MİLLETVEKİLİ
653;BAŞARILI KEDİ
654;ESKİ ANNE
655;SAĞLIKLI HAKİM
656;BİRAZ ÇORAP
657;DAHA AVUKAT
658;SAĞ DEDE
659;GEREKLİ ANNE
660; KARTAL
661;ADALETSİZ ANNE
662;ART DEDE
663;EKONOMİK İPLİK
664;AKLI BAŞINDA KİRAZ
665;TAMAM CEVİZ
666;SAKİN AVUKAT
667;TERS KARDEŞ
668;ORTA ANNE
669;MÜMKÜN KARTAL
670;ÇOK MİLLETVEKİLİ
671;KESİN TARAK
672;DAR ÖĞRETMEN
673;DEĞİŞİK ÖĞRETMEN
674;ŞİŞMAN KARTAL
675;DEĞİŞİK ÇORAP
676;AYNI AĞABEY
677;ÖZEL TORUN
678;ÜNLÜ NİNE
679;TAM KİRAZ
680;BİRİNCİ KEDİ
681;GENEL HALA
682;BİRER AVUKAT
683;HAZIR ÖĞRETMEN
684;ZAYIF FINDIK
685;EŞ HAKİM
686;DAHA 
687;KISA DEDE
688;EMİN DOKTOR
689;VURDUMDUYMAZ AVUKAT
690;KIRMIZI KEDİ
691;YAPAY ÇORAP
692;SOSYAL MAKAS
693;MOR HALA
694;TERS HAKİM
695;İLK TARAK
696;MUHAFAZAKAR ANNE
697;HAZIR TEYZE
698;KOLAY KÖPEK
699;BİR ÇORAP
700;İNCE CEVİZ
701;KIZGIN BABA
702;AKLI BAŞINDA HALA
703;ÜÇ KEDİ
704;AİT YEĞEN
705;KAHVERENGİ AĞABEY
706;BİRİNCİ NİNE
707;KABİLİYETLİ HALA
708;TERS YEĞEN
709;ZALİM NİNE
710;GEÇEN TARAK
711;BELLİ İPLİK
712;ÖNEMLİ MİLLETVEKİLİ
713;TÜM İĞNE
714;YENİ TARAK
715;SABİT TARAK
716;TURUNCU CEVİZ
717;HERHANGİ BİR KİRAZ
718;KESKİN ZEKALI ÇORAP
719;GENÇ BABA
720;DERİN AVUKAT
721;BAZI CEVİZ
722;CANLI 
723; İĞNE
724;KIRICI AYAKKABI
725;ÇORAK DEDE
726;SOL KÖPEK
727;SAĞ CEKET
728;CİDDİ KARDEŞ
729;YAŞLI HAKİM
730;KARANLIK ÇORAP
731;GÜZEL CEKET
732;YENİ 
733;ART CEKET
734;KISA KARDEŞ
735;YEŞİL MAKAS
736;HIZLI 
737;HAFİF İPLİK
738;SAĞ AVUKAT
739;YAVAŞ BABA
740;ÜÇ ANNE
741;KÜÇÜK ANNE
742;BENZER ELDİVEN
743;ÇOLAK FINDIK
744;YAŞLI YEĞEN
745;LAZIM ÖĞRETMEN
746;DAR 
747;SOĞUK NİNE
748;DÖRT HALA
749;İYİMSER KİRAZ
750;VAR TARAK
751;TAMAM ANNE
752;KAPALI ELDİVEN
753;HIRÇIN 
754;SİMETRİK AĞABEY
755;KÖTÜ KALPLİ HALA
756;YAKIN HAKİM
757;KOLAY TARAK
758;TÜM TORUN
759;KAPALI KARTAL
760;YEŞİL MİLLETVEKİLİ
761;YAVAŞ CEVİZ
762;İLGİNÇ CEKET
763;TIKNAZ MÜHENDİS
764;ÖTE BABA
765;YUMUŞAK MÜHENDİS
766;SOL KARTAL
767;SONDERECE KİRAZ
768;KALPSİZ AĞABEY
769;GÜVENİLMEZ TARAK
770;İLGİLİ AYAKKABI
771;MÜCADELECİ İĞNE
772;TATLI AYAKKABI
773;ÜST ÇORAP
774;VAR 
775;ASIL AĞABEY
776;İKİNCİ ÇORAP
777;GERİ MÜHENDİS
778;TOPLUMSAL TEYZE
779;GERİ FINDIK
780;CİMRİ HAKİM
781;HOŞ GÖREN TEYZE
782;TURUNCU KEDİ
783;HERŞEY BABA
784;İLGİLİ DOKTOR
785;KALPSİZ KARDEŞ
786;AÇIK KÖPEK
787;SİYAH AĞABEY
788;HERHANGİ BİR HAKİM
789;FAZLA YEĞEN
790;GENİŞ TARAK
791;İLGİLİ KİRAZ
792;GEÇ ANNE
793;SEVGİLİ CEKET
794;YUKARIDA HAKİM
795;DÜŞÜK KARDEŞ
796;GEREK BABA
797;İKİ ÖĞRETMEN
798;ESKİ BABA
799;SABİT BABA
800;İYİ FINDIK
801;BOŞ MÜHENDİS
802;GERİ İPLİK
803;YEŞİL 
804;HAZIR CEVİZ
805;EŞ AVUKAT
806;BAŞARILI MAKAS
807;ULUSLARARASI TORUN
808;GEÇEN AVUKAT
809;TIKNAZ FINDIK
810;SOL MÜHENDİS
811;HAFİF MÜHENDİS
812;NÜKTELİ NİNE
813;KAÇ ÇORAP
814;AÇIK 
815;AYRI NİNE
816;KARANLIK MÜHENDİS
817;DÜŞMAN KARTAL
818;HIRÇIN KARTAL
819;YUKARIDA AYAKKABI
820;GENİŞ MAKAS
821;BÖYLE İPLİK
822;YARI HALA
823;KARMAŞIK HALA
824;ZALİM KEDİ
825;YOĞUN AYAKKABI
826;SICAK İĞNE
827;ÖTE MAKAS
828;İKİNCİ İĞNE
829;EKONOMİK KARDEŞ
830;ÜST ÖĞRETMEN
831;KARMAŞIK DEDE
832;GEREKLİ TEYZE
833;ENGELLİ ANNE
834;ÇOLAK NİNE
835;SONDERECE AVUKAT
836;ZAYIF TARAK
837;HOŞ GÖREN DEDE
838;TEMİZ DEDE
839;BEYAZ İĞNE
840;GELEN TARAK
841;YAKLAŞIK FINDIK
842;HIZLI MİLLETVEKİLİ
843;GENÇ FINDIK
844;YARI CEVİZ
845;BASİT KARPUZ
846;SUSKUN KARDEŞ
847;ÜÇ KARPUZ
848;AYNI AYAKKABI
849; ÖĞRETMEN
850;KİMİ TORUN
851;YEDİ FINDIK
852;İŞ BİRLİĞİNE YATKIN HALA
853;AİT CEVİZ
854;YÖNELİK ÖĞRETMEN
855;İNCE KARDEŞ
856;YOĞUN AĞABEY
857;MOR ELDİVEN
858;DÜŞMAN MİLLETVEKİLİ
859;ÇEŞİTLİ FINDIK
860;GENEL İĞNE
861;DAHA AĞABEY
862;DÜŞÜK ÇORAP
863;KABİLİYETLİ FINDIK
864;YEŞİL CEVİZ
865;YUKARIDA ÇORAP
866;ÖNEMLİ NİNE
867;BİRKAÇ MAKAS
868;BAZI MİLLETVEKİLİ
869;GÜÇLÜ ELDİVEN
870;İKİ MAKAS
871;DİĞER DOKTOR
872;KIRICI ANNE
873;UYGUN CEVİZ
874;ŞÜPHECİ CEKET
875;BENCİL İPLİK
876;GEÇ MİLLETVEKİLİ
877;BENCİL MAKAS
878;YAPAY HALA
879;DEĞİŞİKLİĞE AÇIK TEYZE
880;KÖTÜMSER BABA
881;HAFİF MAKAS
882;BÖYLE DEDE
883;KİMİ İPLİK
884;BÜTÜN KARDEŞ
885;KAPALI ÖĞRETMEN
886;ÖNEMLİ HALA
887;NORMAL TARAK
888;ÜÇÜNCÜ KİRAZ
889;EMİN ÇORAP
890;AZ KEDİ
891;KALPSİZ TORUN
892;NÜKTELİ AYAKKABI
893;BEŞ 
894;VİCDANSIZ FINDIK
895;BASİT 
896;SOSYAL YEĞEN
897;RAHAT HAKİM
898;AZ FINDIK
899;TEMİZ TARAK
900;KIZGIN KİRAZ
901;BEŞ MİLLETVEKİLİ
902;ULUSLARARASI DEDE
903;HAFİF ELDİVEN
904;TABİ TORUN
905;MÜCADELECİ CEVİZ
906;AZ TEYZE
907;SICAK KARTAL
908;İYİMSER MİLLETVEKİLİ
909;KÜÇÜK TORUN
910;AKLI BAŞINDA KARDEŞ
911;DOĞAL MÜHENDİS
912;AKLI BAŞINDA TORUN
913;KÖTÜ KALPLİ BABA
914;BİR ANNE
915;KIZGIN NİNE
916;SÜREKLİ ÖĞRETMEN
917;ÇORAK ÇORAP
918;SABİT ANNE
919;ZAYIF ELDİVEN
920;ŞİŞMAN MAKAS
921;KÖTÜMSER KİRAZ
922;HIZLI MAKAS
923;SÜREKLİ KÖPEK
924;VAR KEDİ
925;İŞ BİRLİĞİNE YATKIN KÖPEK
926;ART İPLİK
927;GELEN MAKAS
928;MOR İĞNE
929;AYNI İPLİK
930;SICAK AVUKAT
931;AZ MİLLETVEKİLİ
932;KÜÇÜK YEĞEN
933;UYGUN HALA
934;KEDERLİ KARTAL
935;BASİT TORUN
936;KÖTÜMSER KARDEŞ
937;MOR NİNE
938;ÖZEL BABA
939;TATLI CEVİZ
940;HAFİF BABA
941;ÖTE 
942;YAKLAŞIK NİNE
943;KARMAŞIK FINDIK
944;GÜÇLÜ ÖĞRETMEN
945;ÜÇÜNCÜ BABA
946;KESİN AĞABEY
947;GENÇ NİNE
948;İYİ HUYLU İĞNE
949;TEMİZ KARPUZ
950;DAHA MÜHENDİS
951;GİZLİ HAKİM
952;ÖZEL İĞNE
953;HOŞ GÖREN AVUKAT
954;BASİT TEYZE
955;FAZLA İĞNE
956;HER DOKTOR
957;TURUNCU YEĞEN
958;EMİN TORUN
959;ALT TARAK
960;KISA MAKAS
961;CİMRİ FINDIK
962;KASITLI DOKTOR
963;HIZLI AVUKAT
964;BENCİL KARTAL
965;CİMRİ AYAKKABI
966;DEĞİŞİK KARPUZ
967;ENGELLİ İPLİK
968;TIKNAZ AYAKKABI
969;ÖZEL KİRAZ
970;ZENGİN TORUN
971;HERHANGİ BİR AVUKAT
972;İYİ KALPLİ MİLLETVEKİLİ
973;ORTA KEDİ
974;DEĞİŞİKLİĞE AÇIK KARDEŞ
975;EMİN KEDİ
976;İYİ KARTAL
977;SISKA 
978;GÜÇLÜ KARDEŞ
979;EMİN CEVİZ
980;VAR TEYZE
981;BİR YEĞEN
982;BEYAZ AVUKAT
983;TOPLUMSAL KİRAZ
984;TATLI TEYZE
985;AZ HAKİM
986;KIZGIN TORUN
987;İYİMSER KARDEŞ
988;YETERLİ TARAK
989;DOĞAL CEVİZ
990;SAĞLIKLI FINDIK
991;HOŞ TEYZE
992;ÖTEKİ TARAK
993;YAŞLI ÇORAP
994;ÇOĞU CEVİZ
995;ÖTE KİRAZ
996;İNCE MAKAS
997;DEĞİŞİKLİĞE AÇIK ANNE
998;TATLI BABA
999;ZAYIF YEĞEN
1000;FARKLI CEKET
1001;GERİ AVUKAT
1002;ÖN YARGILI KEDİ
1003;KASITLI KARPUZ
1004;BAZI CEKET
1005;KÖTÜ KALPLİ CEVİZ
1006;PRENSİPLİ MAKAS
1007;SAĞ HALA
1008;TAM MİLLETVEKİLİ
1009;LAZIM AYAKKABI
1010;GELEN ÇORAP
1011;AŞIRI YEĞEN
1012;ÖTEKİ AĞABEY
1013;NORMAL TORUN
1014;SİMETRİK HAKİM
1015;YALNIZ HALA
1016;HIZLI KARPUZ
1017;ASIL 
1018;ÖZEL AVUKAT
1019;VURDUMDUYMAZ MİLLETVEKİLİ
1020;GEREKLİ İPLİK
1021;KENDİNE GÜVENMEYEN HALA
1022;KABİLİYETLİ AVUKAT
1023;SICAK CEKET
1024;ÖN DEDE
1025;KIRMIZI TORUN
1026;YAPAY ANNE
1027;ULUSLARARASI HALA
1028;ŞİŞMAN TEYZE
1029;UZAK KARPUZ
1030;SİYAH TORUN
1031;YAŞLI DEDE
1032;BİRİNCİ İPLİK
1033;YEDİ AYAKKABI
1034;İLGİLİ ELDİVEN
1035;HERŞEY AVUKAT
1036;SOL TARAK
1037;YALNIZ YEĞEN
1038;BASİT ELDİVEN
1039;YÜKSEK MÜHENDİS
1040;MÜMKÜN KÖPEK
1041;İŞ BİRLİĞİNE YATKIN 
1042;GÜVENİLMEZ AYAKKABI
1043;AİT CEKET
1044;MÜCADELECİ 
1045;ÜNLÜ KARPUZ
1046;SAĞ 
1047;SORUMLULUK SAHİBİ ÖĞRETMEN
1048;BENCİL ANNE
1049;CİDDİ DOKTOR
1050;UZUN İPLİK
1051;HOŞ GÖREN CEVİZ
1052;ÜÇÜNCÜ MAKAS
1053;TATLI AVUKAT
1054;BÜYÜK NİNE
1055;İYİMSER HAKİM
1056;TIKNAZ AVUKAT
1057;EKONOMİK TARAK
1058;ÖTE HAKİM
1059;MOR AYAKKABI
1060;TURUNCU ANNE
1061;ALT HAKİM
1062;HERHANGİ BİR DOKTOR
1063;KASITLI MİLLETVEKİLİ
1064;BELLİ TORUN
1065;SAĞLIKLI TEYZE
1066;KOLAY KARTAL
1067;SAĞLIKLI ELDİVEN
1068;AÇIK ELDİVEN
1069;BİRKAÇ AYAKKABI
1070;TAM HAKİM
1071;SONDERECE 
1072;KARANLIK DOKTOR
1073;YAKIN ANNE
1074;ŞİŞMAN HAKİM
1075;ULUSLARARASI KEDİ
1076;ORTA CEVİZ
1077;KISA TEYZE
1078;DEĞİŞİKLİĞE AÇIK CEVİZ
1079;ADALETSİZ TEYZE
1080;KARMAŞIK DOKTOR
1081;ÖTEKİ MAKAS
1082;KİMİ TARAK
1083;PRENSİPLİ AĞABEY
1084;TERS ÇORAP
1085;YARI 
1086;BİRER KÖPEK
1087;KAPALI AVUKAT
1088;ÜÇ DEDE
1089;DÜŞÜK TORUN
1090;TEK İĞNE
1091;ENGELLİ KEDİ
1092;HERŞEY MİLLETVEKİLİ
1093;KEDERLİ YEĞEN
1094;GÜVENİLMEZ TEYZE
1095;ÇOK NİNE
1096;NÜKTELİ HAKİM
1097;ARKADAŞ CANLISI HAKİM
1098;GEÇEN MİLLETVEKİLİ
1099;UZAK HAKİM
1100;SARI KARDEŞ
1101;KAHVERENGİ ANNE
1102;YEŞİL KÖPEK
1103;YAPAY YEĞEN
1104;ALT NİNE
1105;MÜCADELECİ CEKET
1106;GENİŞ DEDE
1107;CANLI DEDE
1108;DOĞAL TEYZE
1109;CANLI DOKTOR
1110;ÜÇ AĞABEY
1111;CİDDİ AVUKAT
1112;ÇOĞU 
1113;YETERLİ AYAKKABI
1114;KIRMIZI MAKAS
1115;KENDİNE GÜVENEN DOKTOR
1116;YÖNELİK KEDİ
1117;YEDİ İPLİK
1118;SİMETRİK KÖPEK
1119;YÜKSEK KARTAL
1120;SAĞ AYAKKABI
1121;DÖRT TEYZE
1122;ALT MAKAS
1123;ÖN ÖĞRETMEN
1124;İLGİLİ CEKET
1125;EMİN HALA
1126;SAĞLIKLI MÜHENDİS
1127;ORTA HALA
1128;İLK BABA
1129;YEDİ HALA
1130;ARKADAŞ CANLISI TARAK
1131;BENCİL AVUKAT
1132;GENEL TEYZE
1133;SARI MİLLETVEKİLİ
1134;ZALİM CEKET
1135;HIZLI CEVİZ
1136;VİCDANSIZ TARAK
1137;GEREKLİ KİRAZ
1138;GİZLİ İĞNE
1139;MUHAFAZAKAR TORUN
1140;BEŞ AĞABEY
1141;KARANLIK TEYZE
1142;AYNI NİNE
1143;UÇ ANNE
1144;YEDİ KÖPEK
1145;ÇORAK MÜHENDİS
1146;YARI ANNE
1147;ÇOĞU ANNE
1148;SEVGİLİ TEYZE
1149;GİZLİ ÖĞRETMEN
1150;SARI ÇORAP
1151;YUKARIDA AĞABEY
1152;KAÇ ANNE
1153;UÇ İĞNE
1154;TABİ DOKTOR
1155;SUSKUN MÜHENDİS
1156;YÖNELİK TEYZE
1157;ŞİŞMAN KARDEŞ
1158;SORUMLULUK SAHİBİ CEKET
1159;GENİŞ FINDIK
1160;KESKİN ZEKALI İPLİK
1161;GİZLİ BABA
1162;SISKA TEYZE
1163;ÜÇÜNCÜ MİLLETVEKİLİ
1164;KAHVERENGİ ÇORAP
1165;YUKARIDA YEĞEN
1166;GENÇ HAKİM
1167;GEREK ÖĞRETMEN
1168;GÜÇLÜ AĞABEY
1169;NORMAL MÜHENDİS
1170;NORMAL CEKET
1171;KIRMIZI KİRAZ
1172;VİCDANSIZ NİNE
1173;EŞ TEYZE
1174;DÖRT TARAK
1175;ON HALA
1176;ESKİ TARAK
1177;ZALİM CEVİZ
1178;KALPSİZ DEDE
1179;KİMİ TEYZE
1180;TEMİZ 
1181;YÖNELİK KARDEŞ
1182;SAKİN 
1183;AKLI BAŞINDA KÖPEK
1184;BASİT BABA
1185;ÖN YARGILI KARTAL
1186;YOĞUN KARDEŞ
1187;KASITLI AYAKKABI
1188;LAZIM KÖPEK
1189;BAĞIŞLAYICI ÖĞRETMEN
1190;MUHAFAZAKAR MÜHENDİS
1191;İKİ AVUKAT
1192;ÜNLÜ AYAKKABI
1193;AZ DOKTOR
1194;DEĞİŞİK TORUN
1195;ÇEŞİTLİ KÖPEK
1196;YEDİ CEKET
1197;TABİ AYAKKABI
1198;KAPALI ANNE
1199;GERİ MAKAS
1200;SABİT HALA
1201;ALT 
1202;ZAYIF TEYZE
1203;GÜZEL AVUKAT
1204;SABİT İĞNE
1205;BİRİNCİ KÖPEK
1206;ÇEŞİTLİ CEKET
1207;YARI YEĞEN
1208;ÖNEMLİ HAKİM
1209;HOŞ GÖREN CEKET
1210;SICAK ELDİVEN
1211;ART MİLLETVEKİLİ
1212;BENZER TARAK
1213;KIRMIZI KÖPEK
1214;SERT TEYZE
1215;DÜŞMAN AVUKAT
1216;NÜKTELİ CEKET
1217;KEDERLİ İPLİK
1218;ÖNEMLİ CEVİZ
1219;ÇOK TARAK
1220;RAHAT YEĞEN
1221;ESKİ AYAKKABI
1222;ŞÜPHECİ KARDEŞ
1223;YENİLİKÇİ BABA
1224;SEVGİLİ MİLLETVEKİLİ
1225;YETERLİ TORUN
1226;AŞIRI 
1227;BİRAZ AVUKAT
1228;HIZLI DOKTOR
1229;AYRI AĞABEY
1230;ŞİŞMAN 
1231;KENDİNE GÜVENEN KİRAZ
1232;DAR YEĞEN
1233;TÜM AYAKKABI
1234;BİRKAÇ ÇORAP
1235;ÇEŞİTLİ AVUKAT
1236;MUHAFAZAKAR YEĞEN
1237;SICAK HAKİM
1238;KÖTÜ YEĞEN
1239;MODERN TEYZE
1240;TERS ELDİVEN
1241;KIRICI ELDİVEN
1242;TAM DOKTOR
1243;DÖRT AYAKKABI
1244;SİMETRİK KARTAL
1245;İLGİNÇ İĞNE
1246;VİCDANSIZ ANNE
1247;YUKARIDA DOKTOR
1248;GEREK AVUKAT
1249;KENDİNE GÜVENMEYEN MAKAS
1250;ÇOK İĞNE
1251;CİMRİ NİNE
1252;BAZI KARPUZ
1253;YÜKSEK 
1254;GENÇ KEDİ
1255;HAZIR YEĞEN
1256;KARANLIK CEKET
1257;YAKLAŞIK ELDİVEN
1258;SİYAH DOKTOR
1259;SÜREKLİ KARPUZ
1260;MAVİ KARDEŞ
1261;BİRİNCİ CEKET
1262;FAZLA TEYZE
1263;GERİ ÖĞRETMEN
1264;TATLI ANNE
1265;BAŞKA KEDİ
1266;İLGİLİ CEVİZ
1267;İLK CEVİZ
1268;HOŞ GÖREN 
1269;GİZLİ DOKTOR
1270;KIRMIZI AVUKAT
1271;TERS CEVİZ
1272;VAR NİNE
1273;UÇ CEVİZ
1274;HIZLI ANNE
1275;ÖNEMLİ ANNE
1276;GÜVENİLMEZ KEDİ
1277;SORUMLULUK SAHİBİ NİNE
1278;İYİ HUYLU NİNE
1279;HER AĞABEY
1280;ALT TEYZE
1281;HER KİRAZ
1282;BENZER CEKET
1283;BAZI AVUKAT
1284;ÇOLAK HAKİM
1285;ŞÜPHECİ HAKİM
1286;CANLI İPLİK
1287;DERİN HALA
1288;DEĞİŞİKLİĞE AÇIK DEDE
1289;ÖTEKİ BABA
1290;ON DOKTOR
1291;ÇORAK KARTAL
1292;BENZER AVUKAT
1293;HERHANGİ BİR 
1294;MODERN 
1295;EKONOMİK ÖĞRETMEN
1296;MAVİ HAKİM
1297;FAZLA NİNE
1298; MAKAS
1299;DÖRT NİNE
1300;BAŞKA YEĞEN
1301;KENDİNE GÜVENMEYEN CEKET
1302;SOĞUK MÜHENDİS
1303;BİRKAÇ KARPUZ
1304;TAM TEYZE
1305;AŞIRI İĞNE
1306;DEĞİŞİK İĞNE
1307;SEVGİLİ TORUN
1308;SARI İĞNE
1309;İYİMSER MÜHENDİS
1310;YÖNELİK TARAK
1311;HERŞEY DEDE
1312;GEREK KİRAZ
1313;YÜKSEK KARDEŞ
1314;YAKIN AĞABEY
1315;KÖTÜ KALPLİ İPLİK
1316;AYNI TEYZE
1317;ÖTEKİ KARDEŞ
1318;ESKİ YEĞEN
1319;KABİLİYETLİ DOKTOR
1320;MODERN NİNE
1321;YUKARIDA KİRAZ
1322;MÜCADELECİ YEĞEN
1323;ESKİ İĞNE
1324;DERİN HAKİM
1325;AYNI 
1326;TABİ CEKET
1327;BENZER AYAKKABI
1328;KOLAY HAKİM
1329;İLGİLİ İĞNE
1330;YAKIN 
1331;DAHA AYAKKABI
1332;YETERLİ ANNE
1333;KEDERLİ HALA
1334;VAR KİRAZ
1335;BİRİNCİ ANNE
1336;SAĞLIKLI NİNE
1337;SORUMLULUK SAHİBİ AYAKKABI
1338;DEĞİŞİKLİĞE AÇIK BABA
1339;SOL AVUKAT
1340;SONDERECE İĞNE
1341;SOL TORUN
1342;CANLI AĞABEY
1343;SUSKUN FINDIK
1344;ART İĞNE
1345;BAŞKA TEYZE
1346;YENİ NİNE
1347;BELLİ MAKAS
1348;GELEN CEVİZ
1349;ÇORAK HALA
1350;BENZER KARDEŞ
1351;TIKNAZ ÇORAP
1352;İYİ MİLLETVEKİLİ
1353;HER ÖĞRETMEN
1354;ESKİ 
1355;KIRICI AĞABEY
1356;İŞ BİRLİĞİNE YATKIN MÜHENDİS
1357;YAKLAŞIK YEĞEN
1358;İNCE MÜHENDİS
1359;BELLİ YEĞEN
1360;YEŞİL TEYZE
1361;ALT AVUKAT
1362;HAZIR AYAKKABI
1363;GİZLİ AĞABEY
1364;ÖN YARGILI HALA
1365;MAVİ ANNE
1366;KALPSİZ KARPUZ
1367;VEFASIZ DOKTOR
1368;ÇOLAK İPLİK
1369;FAZLA KARTAL
1370;GEREK MAKAS
1371;ÇOK TORUN
1372;YARI KİRAZ
1373;ÇOLAK ÖĞRETMEN
1374;DEĞİŞİKLİĞE AÇIK AVUKAT
1375;İYİ KALPLİ MÜHENDİS
1376;KARANLIK KEDİ
1377;ART TORUN
1378;İYİ HUYLU AVUKAT
1379;TEMİZ CEKET
1380;SERT NİNE
1381;NÜKTELİ MÜHENDİS
1382;SOĞUK KARDEŞ
1383;ARKADAŞ CANLISI MÜHENDİS
1384; AĞABEY
1385;ÖTEKİ KİRAZ
1386;MAVİ MAKAS
1387;DİĞER KARDEŞ
1388;YEŞİL TARAK
1389;ÜST KÖPEK
1390;HOŞ GÖREN KÖPEK
1391;İKİ CEVİZ
1392;KİMİ AYAKKABI
1393;SABİT KEDİ
1394;AŞIRI NİNE
1395;TAM AYAKKABI
1396;BİRER MAKAS
1397;KESKİN ZEKALI FINDIK
1398;ÇEŞİTLİ MİLLETVEKİLİ
1399;SOL KİRAZ
1400;AĞIR İĞNE
1401;ÇEŞİTLİ TARAK
1402;TOPLUMSAL MAKAS
1403;SARI KEDİ
1404;KASITLI ÇORAP
1405;CİMRİ AVUKAT
1406;İKİ HAKİM
1407;MOR HAKİM
1408;BİRAZ MİLLETVEKİLİ
1409;BAŞKA ÇORAP
1410;ÇOLAK DOKTOR
1411;GERİ İĞNE
1412;EMİN CEKET
1413;ŞÜPHECİ 
1414;ŞİŞMAN NİNE
1415;KESİN DOKTOR
1416;TAM CEKET
1417;SERT DEDE
1418;ÇOLAK TARAK
1419;BEYAZ CEKET
1420;GEÇEN ELDİVEN
1421;CİDDİ KEDİ
1422;HER NİNE
1423;PRENSİPLİ DEDE
1424;KESKİN ZEKALI KARTAL
1425;AZ KÖPEK
1426;SOĞUK TARAK
1427;ÜÇÜNCÜ İPLİK
1428;MÜMKÜN TORUN
1429;ÖN NİNE
1430;KESİN KARTAL
1431;İNCE KEDİ
1432;PEK İPLİK
1433;LAZIM YEĞEN
1434;BASİT NİNE
1435;KÖTÜMSER MİLLETVEKİLİ
1436;AZ NİNE
1437;GERİ AYAKKABI
1438;ULUSLARARASI İPLİK
1439;KÖTÜMSER MAKAS
1440;CİDDİ FINDIK
1441;YALNIZ AVUKAT
1442;BAŞARILI KİRAZ
1443;TEK İPLİK
1444;DÜŞÜK KARPUZ
1445;BÖYLE YEĞEN
1446;AYRI TEYZE
1447;İLGİNÇ İPLİK
1448;YÖNELİK YEĞEN
1449;GEREK CEKET
1450;BİRİNCİ HAKİM
1451;İYİMSER YEĞEN
1452;MÜMKÜN TEYZE
1453;ÖN YARGILI AVUKAT
1454;BENCİL HALA
1455;AŞIRI HALA
1456;SARI AĞABEY
1457;YAŞLI TORUN
1458;KAHVERENGİ HAKİM
1459;ÖNEMLİ AVUKAT
1460;KENDİNE GÜVENMEYEN KARTAL
1461; KARDEŞ
1462;KEDERLİ MÜHENDİS
1463;SOSYAL 
1464;PRENSİPLİ MÜHENDİS
1465;ÜÇÜNCÜ KARTAL
1466;ENGELLİ TEYZE
1467;SOSYAL AYAKKABI
1468;UZUN CEVİZ
1469;KESİN KÖPEK
1470;ADALETSİZ DOKTOR
1471;KISA TORUN
1472;YAVAŞ ANNE
1473;AŞIRI KARTAL
1474;EŞ CEVİZ
1475;AYRI TORUN
1476;VAR İPLİK
1477;TEMİZ BABA
1478;İYİMSER TEYZE
1479;KESİN KARDEŞ
1480;TEK AYAKKABI
1481;ESKİ FINDIK
1482;İŞ BİRLİĞİNE YATKIN AYAKKABI
1483;MÜMKÜN KEDİ
1484;KÖTÜ BABA
1485;VİCDANSIZ HALA
1486;KİMİ KARDEŞ
1487;SAKİN KARDEŞ
1488;DEĞİŞİKLİĞE AÇIK ÇORAP
1489;SAKİN KEDİ
1490;BOŞ CEKET
1491;EMİN BABA
1492;GENEL CEVİZ
1493;AKLI BAŞINDA MİLLETVEKİLİ
1494;BÜYÜK ÇORAP
1495;GİZLİ FINDIK
1496;İYİ DOKTOR
1497;KISA 
1498;CİMRİ 
1499;KOLAY DEDE
1500;DÖRT TORUN
1501;TAM YEĞEN
1502;SUSKUN KEDİ
1503;SUSKUN ÇORAP
1504;GEÇEN CEKET
1505;GENİŞ 
1506;BÜYÜK AĞABEY
1507;TERS İPLİK
1508;LAZIM AĞABEY
1509;EKONOMİK ELDİVEN
1510;TURUNCU İPLİK
1511;EKONOMİK NİNE
1512;HERHANGİ BİR AĞABEY
1513;KIRICI TORUN
1514;DÖRT YEĞEN
1515;MODERN İĞNE
1516;BİRKAÇ KARTAL
1517;SABİT FINDIK
1518;HER AVUKAT
1519;DERİN DEDE
1520;SAKİN ANNE
1521;GEÇ KÖPEK
1522;BİRER FINDIK
1523;GELEN AVUKAT
1524;GELEN KİRAZ
1525;BAZI 
1526;YEŞİL ANNE
1527;DEĞİŞİK MİLLETVEKİLİ
1528;BENCİL 
1529;YENİLİKÇİ HALA
1530;DİĞER MAKAS
1531;VİCDANSIZ YEĞEN
1532;SORUMLULUK SAHİBİ MİLLETVEKİLİ
1533;AİT NİNE
1534;ZALİM KÖPEK
1535;MAVİ AYAKKABI
1536;KIZGIN KARPUZ
1537;MÜMKÜN ANNE
1538;TABİ İPLİK
1539;AYRI 
1540;SABİT AĞABEY
1541;ORTA KİRAZ
1542;DÖRT MAKAS
1543;UZAK MİLLETVEKİLİ
1544;SONDERECE TARAK
1545;SİMETRİK MİLLETVEKİLİ
1546;BİR HAKİM
1547;ALT ÖĞRETMEN
1548;GÜVENİLMEZ FINDIK
1549;BÖYLE TARAK
1550;SICAK ANNE
1551;AÇIK FİKİRLİ KARPUZ
1552;MUHAFAZAKAR BABA
1553;BÜYÜK ÖĞRETMEN
1554;ÇOK ÇORAP
1555;AÇIK TORUN
1556;UZAK 
1557;BÖYLE MAKAS
1558;AÇIK KARTAL
1559;ART CEVİZ
1560;SORUMLULUK SAHİBİ KARTAL
1561;ON HAKİM
1562;ÜÇÜNCÜ TORUN
1563;ÖTE YEĞEN
1564;DÜŞÜK MAKAS
1565;HAZIR KEDİ
1566;AYRI TARAK
1567;YETERLİ KARPUZ
1568;BEYAZ İPLİK
1569;EMİN İĞNE
1570;AŞIRI MÜHENDİS
1571;ŞÜPHECİ ÇORAP
1572;İYİ DEDE
1573;HIZLI AĞABEY
1574;ZALİM AĞABEY
1575;DEĞİŞİK CEVİZ
1576;BEYAZ ELDİVEN
1577;BEYAZ ANNE
1578;AKLI BAŞINDA AĞABEY
1579;HERHANGİ BİR ÇORAP
1580;KEDERLİ CEKET
1581;KABİLİYETLİ TEYZE
1582;İLGİLİ MÜHENDİS
1583;HER HAKİM
1584;ÇORAK MAKAS
1585;BİRKAÇ İPLİK
1586;KALPSİZ KEDİ
1587;PRENSİPLİ KARTAL
1588;KÖTÜMSER NİNE
1589;GİZLİ 
1590;BEŞ DOKTOR
1591;YALNIZ ANNE
1592;HERŞEY AYAKKABI
1593;MOR KEDİ
1594;SONDERECE DOKTOR
1595;BENCİL MİLLETVEKİLİ
1596;MODERN AĞABEY
1597;SEVGİLİ İPLİK
1598;HIRÇIN AĞABEY
1599;İYİ HUYLU DEDE
1600;SEVGİLİ AVUKAT
1601;NORMAL ELDİVEN
1602;GENİŞ YEĞEN
1603;KARMAŞIK ANNE
1604;AÇIK FİKİRLİ TORUN
1605;BİRKAÇ DEDE
1606;YUKARIDA TARAK
1607;BİR 
1608;LAZIM ELDİVEN
1609;SAĞ NİNE
1610;MÜMKÜN AĞABEY
1611;KISA MİLLETVEKİLİ
1612;KÜÇÜK AĞABEY
1613;SAĞLIKLI AĞABEY
1614;KAÇ AVUKAT
1615;KAPALI DEDE
1616;HOŞ HALA
1617;SAKİN BABA
1618;GİZLİ KEDİ
1619;EMİN DEDE
1620;ÖN 
1621;YAKLAŞIK HAKİM
1622;DEĞİŞİKLİĞE AÇIK KÖPEK
1623;İYİMSER KÖPEK
1624;VAR KARDEŞ
1625;KÖTÜMSER KEDİ
1626;UZAK CEKET
1627;SEVGİLİ HAKİM
1628;BİRKAÇ AĞABEY
1629;KÜÇÜK TEYZE
1630; ANNE
1631;DEĞİŞİK AYAKKABI
1632;YEŞİL KARPUZ
1633;SORUMLULUK SAHİBİ İPLİK
1634;KOLAY KEDİ
1635;YAŞLI AYAKKABI
1636;BASİT DEDE
1637;DEĞİŞİK KEDİ
1638;YÖNELİK AYAKKABI
1639;YARI DOKTOR
1640;ART BABA
1641;YENİLİKÇİ KEDİ
1642;SAKİN DOKTOR
1643;YENİLİKÇİ ÖĞRETMEN
1644;ÖZEL İPLİK
1645;YÖNELİK KARTAL
1646;SAĞLIKLI HALA
1647;BİRİNCİ HALA
1648;ZAYIF İĞNE
1649;ASIL MÜHENDİS
1650;FARKLI 
1651;VİCDANSIZ TORUN
1652;ORTA ELDİVEN
1653;TOPLUMSAL HAKİM
1654;KESKİN ZEKALI AĞABEY
1655;MUHAFAZAKAR MİLLETVEKİLİ
1656;GÜÇLÜ KİRAZ
1657;LAZIM NİNE
1658;KÖTÜ DOKTOR
1659;TEMİZ MAKAS
1660;ENGELLİ ÖĞRETMEN
1661;ÖZEL DOKTOR
1662;DEĞİŞİK KARTAL
1663;İYİ KALPLİ HALA
1664;ZENGİN İĞNE
1665;GENİŞ NİNE
1666;DERİN KARDEŞ
1667;YEŞİL KARDEŞ
1668;ÜNLÜ DEDE
1669;HERŞEY ANNE
1670;SİMETRİK NİNE
1671;SOSYAL ANNE
1672;CİDDİ MÜHENDİS
1673;SAĞ ÖĞRETMEN
1674;BÜTÜN CEKET
1675;GENİŞ KİRAZ
1676;VEFASIZ FINDIK
1677;TIKNAZ ANNE
1678;BOŞ ÖĞRETMEN
1679;HERŞEY FINDIK
1680;SERT HAKİM
1681;HIRÇIN ÖĞRETMEN
1682;YÜKSEK KİRAZ
1683;BAZI MÜHENDİS
1684;GELEN BABA
1685;TIKNAZ CEVİZ
1686;KÜÇÜK BABA
1687;ÇOĞU AĞABEY
1688;SARI 
1689;TIKNAZ DEDE
1690;KESKİN ZEKALI AVUKAT
1691;DAHA HAKİM
1692;MÜMKÜN KİRAZ
1693;KENDİNE GÜVENEN 
1694;VEFASIZ KARPUZ
1695;KABİLİYETLİ AYAKKABI
1696;MOR KİRAZ
1697;TAM İPLİK
1698;MÜCADELECİ AĞABEY
1699;YUMUŞAK MİLLETVEKİLİ
1700;NORMAL BABA
1701;ÜÇÜNCÜ TARAK
1702;SAĞ ELDİVEN
1703;GÜÇLÜ MİLLETVEKİLİ
1704;ÖNEMLİ KARDEŞ
1705;FARKLI ÇORAP
1706;ÖN CEKET
1707;KENDİNE GÜVENMEYEN İĞNE
1708;UZAK ÇORAP
1709;YEŞİL DOKTOR
1710;KABİLİYETLİ BABA
1711;İLK AĞABEY
1712;ART AVUKAT
1713;GEÇ CEKET
1714;UZAK FINDIK
1715;BÜYÜK AYAKKABI
1716;GEÇ AVUKAT
1717;İYİMSER CEVİZ
1718;BAŞARILI ÇORAP
1719;GEREK HALA
1720;ÖZEL MAKAS
1721;BİR MÜHENDİS
1722; FINDIK
1723;ZENGİN TEYZE
1724;GEREKLİ HALA
1725;YEDİ MAKAS
1726;KÖTÜ CEKET
1727;KENDİNE GÜVENEN KARPUZ
1728;TEMİZ CEVİZ
1729;DÖRT KÖPEK
1730;YAPAY AYAKKABI
1731;ZENGİN ÇORAP
1732;DEĞİŞİKLİĞE AÇIK İĞNE
1733;TIKNAZ DOKTOR
1734;KISA FINDIK
1735;SISKA KARPUZ
1736;KEDERLİ KÖPEK
1737;AZ MAKAS
1738;YÖNELİK MAKAS
1739;SİMETRİK KİRAZ
1740;KALPSİZ MİLLETVEKİLİ
1741;DERİN AYAKKABI
1742;SISKA KEDİ
1743;BÜYÜK ELDİVEN
1744;YAVAŞ HAKİM
1745;KIRMIZI MİLLETVEKİLİ
1746;ÜST KARPUZ
1747;BİRAZ TORUN
1748;TAMAM İĞNE
1749;UZUN 
1750;ARKADAŞ CANLISI BABA
1751;SAĞ İĞNE
1752;EŞ DEDE
1753;ÇOK BABA
1754;AKLI BAŞINDA 
1755;SOL HALA
1756;DİĞER HAKİM
1757;YEDİ KARTAL
1758;TABİ KARDEŞ
1759;İYİ KİRAZ
1760; NİNE
1761;BEYAZ KARTAL
1762;ÜST AVUKAT
1763;ALT DEDE
1764;MÜCADELECİ TEYZE
1765;KIRMIZI DOKTOR
1766;İŞ BİRLİĞİNE YATKIN NİNE
1767;SOSYAL ELDİVEN
1768;YAKLAŞIK ANNE
1769;CİDDİ DEDE
1770;DOĞAL MAKAS
1771;KABİLİYETLİ ANNE
1772;SARI CEKET
1773;KAÇ HALA
1774;MAVİ İĞNE
1775;BAĞIŞLAYICI KARDEŞ
1776;KİMİ CEVİZ
1777;ÖZEL HAKİM
1778;ORTA HAKİM
1779;ARKADAŞ CANLISI KARPUZ
1780;YÜKSEK TORUN
1781;EŞ ANNE
1782;GERİ CEVİZ
1783;MODERN DEDE
1784;ESKİ HAKİM
1785;YÜKSEK CEKET
1786;HOŞ DEDE
1787;BENCİL KİRAZ
1788;BÖYLE KİRAZ
1789;PRENSİPLİ KÖPEK
1790;DEĞİŞİKLİĞE AÇIK YEĞEN
1791;ÖTE AĞABEY
1792;BİRAZ TEYZE
1793;SARI KİRAZ
1794;ZALİM HAKİM
1795;PRENSİPLİ İPLİK
1796;EMİN AĞABEY
1797;VAR AĞABEY
1798;HERŞEY KARDEŞ
1799;DÜŞMAN AĞABEY
1800;YEDİ CEVİZ
1801;SERT İĞNE
1802;ÖN YARGILI ÇORAP
1803;İKİ ÇORAP
1804;HOŞ GÖREN KARTAL
1805;VAR ÇORAP
1806;ÜNLÜ MÜHENDİS
1807;MUHAFAZAKAR HAKİM
1808;BÖYLE CEKET
1809; HALA
1810;BİRİNCİ ELDİVEN
1811;GENİŞ HAKİM
1812;PRENSİPLİ BABA
1813;HERŞEY İPLİK
1814;KIRICI KİRAZ
1815;DEĞİŞİKLİĞE AÇIK MÜHENDİS
1816;GERİ HALA
1817;GELEN YEĞEN
1818;MUHAFAZAKAR 
1819;DAR AĞABEY
1820;KÖTÜMSER KARPUZ
1821;ÖN AYAKKABI
1822;ÇOĞU TEYZE
1823;SOĞUK İPLİK
1824;KABİLİYETLİ NİNE
1825;YÜKSEK KEDİ
1826;AÇIK KEDİ
1827;KIZGIN MİLLETVEKİLİ
1828;LAZIM TARAK
1829;KENDİNE GÜVENEN HAKİM
1830;DAHA İĞNE
1831;DAHA BABA
1832;YUMUŞAK HALA
1833;SUSKUN AĞABEY
1834;YENİLİKÇİ KARPUZ
1835;TÜM KİRAZ
1836;YUKARIDA KARDEŞ
1837;KISA ANNE
1838;YAKIN KİRAZ
1839;FAZLA KARDEŞ
1840;GEÇ 
1841;KARANLIK KARDEŞ
1842;KAÇ CEKET
1843;KIRICI KARPUZ
1844;DAR NİNE
1845;LAZIM KARTAL
1846;UÇ BABA
1847;GEÇEN ANNE
1848;KESKİN ZEKALI CEVİZ
1849;ZALİM AYAKKABI
1850;ALT CEVİZ
1851;İLGİNÇ HAKİM
1852;AĞIR KARPUZ
1853;KARANLIK AĞABEY
1854;KÖTÜ TEYZE
1855;TATLI KARPUZ
1856;ÖTE KARTAL
1857;ÜNLÜ ELDİVEN
1858;İŞ BİRLİĞİNE YATKIN BABA
1859;SAĞLIKLI AVUKAT
1860;SOL CEVİZ
1861;İKİNCİ AĞABEY
1862;SAĞLIKLI KARTAL
1863;AÇIK CEKET
1864;ÇOLAK KÖPEK
1865;RAHAT KARDEŞ
1866;AYRI BABA
1867;KIRICI MÜHENDİS
1868;UZUN TARAK
1869;DAHA FINDIK
1870;ART MÜHENDİS
1871;İYİ KALPLİ ÖĞRETMEN
1872;AYNI HAKİM
1873;CANLI KİRAZ
1874;ORTA 
1875;ÇOĞU ÖĞRETMEN
1876;ESKİ NİNE
1877;YETERLİ NİNE
1878;ÖTEKİ TORUN
1879;YOĞUN NİNE
1880;VAR HALA
1881;GEREKLİ DEDE
1882;İKİ YEĞEN
1883;ÖZEL KÖPEK
1884;SOĞUK DOKTOR
1885;YOĞUN ÖĞRETMEN
1886;AŞIRI MİLLETVEKİLİ
1887;ASIL ANNE
1888;TÜM İPLİK
1889;BAŞARILI KARDEŞ
1890;İKİ NİNE
1891;HOŞ 
1892;BAĞIŞLAYICI ELDİVEN
1893;HIRÇIN YEĞEN
1894;DEĞİŞİKLİĞE AÇIK KARPUZ
1895;GELEN FINDIK
1896;DEĞİŞİK MÜHENDİS
1897;BENZER ÇORAP
1898;KENDİNE GÜVENMEYEN ELDİVEN
1899;SAKİN AYAKKABI
1900;YAVAŞ NİNE
1901;GÜÇLÜ NİNE
1902;KARMAŞIK ELDİVEN
1903;ÖTE CEKET
1904;VEFASIZ ELDİVEN
1905;SERT KARTAL
1906;VİCDANSIZ AĞABEY
1907;KÖTÜMSER CEKET
1908;ÇOLAK MİLLETVEKİLİ
1909;KISA KARPUZ
1910;KIRMIZI ÖĞRETMEN
1911;ART ELDİVEN
1912;AÇIK FİKİRLİ İĞNE
1913;GEÇEN AYAKKABI
1914;İNCE NİNE
1915;İKİ FINDIK
1916;BAŞKA DOKTOR
1917;KAHVERENGİ FINDIK
1918;KENDİNE GÜVENEN CEKET
1919;TOPLUMSAL NİNE
1920;DEĞİŞİK AVUKAT
1921;TATLI İPLİK
1922;TEMİZ TORUN
1923;YETERLİ AVUKAT
1924;SISKA NİNE
1925;YAŞLI KİRAZ
1926;BAŞARILI BABA
1927;İŞ BİRLİĞİNE YATKIN FINDIK
1928;GÜZEL MAKAS
1929;YARI TARAK
1930;ORTA TEYZE
1931;BENCİL AYAKKABI
1932;AYNI KARPUZ
1933;EŞ İPLİK
1934;KABİLİYETLİ İPLİK
1935;ÇORAK İPLİK
1936;SONDERECE AĞABEY
1937;GENEL ÇORAP
1938;ALT İPLİK
1939;KESİN HAKİM
1940;CİMRİ HALA
1941;TAM KARDEŞ
1942;TERS MİLLETVEKİLİ
1943;CİDDİ TORUN
1944;ÜÇÜNCÜ ELDİVEN
1945;UYGUN TEYZE
1946;BEŞ KEDİ
1947;ESKİ ÇORAP
1948;ESKİ ELDİVEN
1949;GEÇEN ÖĞRETMEN
1950;ÖTE DOKTOR
1951;AŞIRI CEKET
1952;İKİNCİ TEYZE
1953;ÇORAK AVUKAT
1954;SICAK BABA
1955;ESKİ CEKET
1956;HERHANGİ BİR KARDEŞ
1957;DAR ANNE
1958;BİR KARDEŞ
1959;SORUMLULUK SAHİBİ DOKTOR
1960;SONDERECE NİNE
1961;BELLİ AVUKAT
1962;TÜM AVUKAT
1963;SOSYAL KÖPEK
1964;TEMİZ TEYZE
1965;VURDUMDUYMAZ AYAKKABI
1966;KÖTÜ KALPLİ TORUN
1967;SORUMLULUK SAHİBİ HALA
1968;UYGUN KARPUZ
1969;İYİ HUYLU TARAK
1970;SÜREKLİ MİLLETVEKİLİ
1971;YARI AVUKAT
1972;ÖN YARGILI KARPUZ
1973;SUSKUN KİRAZ
1974;PEK MÜHENDİS
1975;RAHAT AĞABEY
1976;TAMAM KİRAZ
1977;YÖNELİK ELDİVEN
1978;TERS KEDİ
1979;AİT KEDİ
1980;MODERN KİRAZ
1981;TAMAM NİNE
1982;RAHAT DEDE
1983;KENDİNE GÜVENMEYEN KARDEŞ
1984;BELLİ ÖĞRETMEN
1985;TEMİZ ANNE
1986;ÖTEKİ MÜHENDİS
1987;AYRI MAKAS
1988;DAR KÖPEK
1989;HIZLI FINDIK
1990;YENİLİKÇİ İPLİK
1991;EMİN KÖPEK
1992;MODERN KÖPEK
1993;GEÇEN KARDEŞ
1994;ZENGİN KÖPEK
1995;İLGİNÇ AĞABEY
1996;EKONOMİK DEDE
1997;İLK TORUN
1998;TATLI KARTAL
1999;PRENSİPLİ ANNE
2000;BENZER İPLİK
2001;GİZLİ DEDE
2002;BİRAZ KARDEŞ
2003;ADALETSİZ KARPUZ
2004;KÜÇÜK DOKTOR
2005;GENİŞ KARPUZ
2006;DİĞER MİLLETVEKİLİ
2007;DAR CEVİZ
2008;KESKİN ZEKALI MÜHENDİS
2009;HIRÇIN MİLLETVEKİLİ
2010;AÇIK FİKİRLİ İPLİK
2011;BİRER TEYZE
2012;KÖTÜ KALPLİ ÖĞRETMEN
2013;BASİT İĞNE
2014;AÇIK FİKİRLİ CEKET
2015;KÜÇÜK DEDE
2016;TÜM ELDİVEN
2017;ENGELLİ KARPUZ
2018;YENİLİKÇİ MAKAS
2019;KIZGIN DOKTOR
2020;HERŞEY ÇORAP
2021;AÇIK İPLİK
2022;BAĞIŞLAYICI ANNE
2023;KESKİN ZEKALI DEDE
2024;DERİN AĞABEY
2025;DAHA DOKTOR
2026;AĞIR ÇORAP
2027;YAŞLI ELDİVEN
2028;ENGELLİ MÜHENDİS
2029;SAĞ MÜHENDİS
2030;ZENGİN DOKTOR
2031;AZ MÜHENDİS
2032;UYGUN AVUKAT
2033;VURDUMDUYMAZ DEDE
2034;YENİ YEĞEN
2035;GİZLİ NİNE
2036;TÜM TEYZE
2037;BELLİ KARDEŞ
2038;YAŞLI KARDEŞ
2039;SAĞ CEVİZ
2040;CİDDİ KÖPEK
2041;AÇIK FİKİRLİ AĞABEY
2042;İYİ TARAK
2043;AĞIR MİLLETVEKİLİ
2044;BAĞIŞLAYICI NİNE
2045;KIRICI DEDE
2046;ORTA ÇORAP
2047;GÜZEL 
2048;DÜŞÜK AYAKKABI
2049;KAÇ DOKTOR
2050;MÜMKÜN ELDİVEN
2051;NORMAL HAKİM
2052;CANLI FINDIK
2053;DERİN TARAK
2054;SİYAH İPLİK
2055;MÜMKÜN ÖĞRETMEN
2056;YETERLİ BABA
2057;SARI KÖPEK
2058;TAMAM YEĞEN
2059;İLK KARPUZ
2060;ZAYIF CEKET
2061;BİRER ANNE